{"cameraMode":{"drawMode":0,"name":"Shaded","section":"Shading Mode"},"sceneLighting":true,"audioPlay":false,"sceneViewState":{"m_AlwaysRefresh":false,"showFog":true,"showSkybox":true,"showFlares":true,"showImageEffects":true,"showParticleSystems":true,"showVisualEffectGraphs":true,"m_FxEnabled":true},"in2DMode":false,"pivot":{"x":0.2669678330421448,"y":-0.1572074294090271,"z":-3.2618634700775148},"rotation":{"x":0.2977815568447113,"y":-0.014322205446660519,"z":0.004456797614693642,"w":0.9545325636863709},"size":6.511577606201172,"orthographic":true}